observation_id,parcel_id,longitude,latitude,observed_land_use,verification_status,synthetic
SYN-GT0001,SYN-P0001,78.35084794138295,17.460208476431042,residential,SIMULATED_NOT_FIELD_VERIFIED,True
SYN-GT0002,SYN-P0002,78.36325980842285,17.45097949774484,commercial,SIMULATED_NOT_FIELD_VERIFIED,True
SYN-GT0003,SYN-P0003,78.35903730591815,17.450327976928868,mixed_use,SIMULATED_NOT_FIELD_VERIFIED,True
SYN-GT0004,SYN-P0004,78.36094729299487,17.45249801242515,residential,SIMULATED_NOT_FIELD_VERIFIED,True
SYN-GT0005,SYN-P0005,78.36344740456562,17.459998988919267,commercial,SIMULATED_NOT_FIELD_VERIFIED,True
SYN-GT0006,SYN-P0006,78.36222300470669,17.451699431331726,mixed_use,SIMULATED_NOT_FIELD_VERIFIED,True
SYN-GT0007,SYN-P0007,78.35319732381518,17.461190089693325,residential,SIMULATED_NOT_FIELD_VERIFIED,True
SYN-GT0008,SYN-P0008,78.35969510831622,17.450471891011205,commercial,SIMULATED_NOT_FIELD_VERIFIED,True
SYN-GT0009,SYN-P0009,78.35010690689708,17.459540449828978,mixed_use,SIMULATED_NOT_FIELD_VERIFIED,True
SYN-GT0010,SYN-P0010,78.3554483607995,17.460507688309637,residential,SIMULATED_NOT_FIELD_VERIFIED,True
SYN-GT0011,SYN-P0011,78.36145635772515,17.461531572492135,commercial,SIMULATED_NOT_FIELD_VERIFIED,True
SYN-GT0012,SYN-P0012,78.35209408583108,17.460546256379825,mixed_use,SIMULATED_NOT_FIELD_VERIFIED,True
SYN-GT0013,SYN-P0013,78.35246725605269,17.458974734163853,residential,SIMULATED_NOT_FIELD_VERIFIED,True
SYN-GT0014,SYN-P0014,78.35924945425339,17.450566713044964,commercial,SIMULATED_NOT_FIELD_VERIFIED,True
SYN-GT0015,SYN-P0015,78.35309153086709,17.450448844379046,mixed_use,SIMULATED_NOT_FIELD_VERIFIED,True
SYN-GT0016,SYN-P0016,78.35049618467126,17.45961603625346,residential,SIMULATED_NOT_FIELD_VERIFIED,True
SYN-GT0017,SYN-P0017,78.35140551261571,17.457933287971336,commercial,SIMULATED_NOT_FIELD_VERIFIED,True
SYN-GT0018,SYN-P0018,78.35208471961775,17.460079182640914,mixed_use,SIMULATED_NOT_FIELD_VERIFIED,True
SYN-GT0019,SYN-P0019,78.3551255603847,17.460668927397222,residential,SIMULATED_NOT_FIELD_VERIFIED,True
SYN-GT0020,SYN-P0020,78.35567386439479,17.45991874394971,commercial,SIMULATED_NOT_FIELD_VERIFIED,True
SYN-GT0021,SYN-P0021,78.35986823966338,17.461292255306162,mixed_use,SIMULATED_NOT_FIELD_VERIFIED,True
SYN-GT0022,SYN-P0022,78.35388649975043,17.46127577248857,residential,SIMULATED_NOT_FIELD_VERIFIED,True
SYN-GT0023,SYN-P0023,78.35278494797409,17.458344502292604,commercial,SIMULATED_NOT_FIELD_VERIFIED,True
SYN-GT0024,SYN-P0024,78.3544403913926,17.459704408562086,mixed_use,SIMULATED_NOT_FIELD_VERIFIED,True
SYN-GT0025,SYN-P0025,78.35415729890717,17.450407673006843,residential,SIMULATED_NOT_FIELD_VERIFIED,True
SYN-GT0026,SYN-P0026,78.35225048236263,17.459066376179063,commercial,SIMULATED_NOT_FIELD_VERIFIED,True
SYN-GT0027,SYN-P0027,78.3540814335794,17.45915761102358,mixed_use,SIMULATED_NOT_FIELD_VERIFIED,True
SYN-GT0028,SYN-P0028,78.35854706118107,17.46067229873831,residential,SIMULATED_NOT_FIELD_VERIFIED,True
SYN-GT0029,SYN-P0029,78.35101830672805,17.460460424063054,commercial,SIMULATED_NOT_FIELD_VERIFIED,True
SYN-GT0030,SYN-P0030,78.35692281799531,17.450200837256435,mixed_use,SIMULATED_NOT_FIELD_VERIFIED,True
SYN-GT0031,SYN-P0031,78.35894376056116,17.451844065160287,residential,SIMULATED_NOT_FIELD_VERIFIED,True
SYN-GT0032,SYN-P0032,78.3524228637658,17.458596109699194,commercial,SIMULATED_NOT_FIELD_VERIFIED,True
SYN-GT0033,SYN-P0033,78.35045571555911,17.459999275141072,mixed_use,SIMULATED_NOT_FIELD_VERIFIED,True
SYN-GT0034,SYN-P0034,78.35486024484184,17.45989229318325,residential,SIMULATED_NOT_FIELD_VERIFIED,True
SYN-GT0035,SYN-P0035,78.35610528606621,17.450312020927235,commercial,SIMULATED_NOT_FIELD_VERIFIED,True
SYN-GT0036,SYN-P0036,78.35980327923167,17.450304042399235,mixed_use,SIMULATED_NOT_FIELD_VERIFIED,True
SYN-GT0037,SYN-P0037,78.36248388253476,17.451721660948724,residential,SIMULATED_NOT_FIELD_VERIFIED,True
SYN-GT0038,SYN-P0038,78.3569923570322,17.4615020157485,commercial,SIMULATED_NOT_FIELD_VERIFIED,True
SYN-GT0039,SYN-P0039,78.36162341706935,17.460814462820938,mixed_use,SIMULATED_NOT_FIELD_VERIFIED,True
SYN-GT0040,SYN-P0040,78.35121358755457,17.459289686482364,residential,SIMULATED_NOT_FIELD_VERIFIED,True
SYN-GT0041,SYN-P0041,78.35415475760615,17.458988077838825,commercial,SIMULATED_NOT_FIELD_VERIFIED,True
SYN-GT0042,SYN-P0042,78.36162498933398,17.451728798408315,mixed_use,SIMULATED_NOT_FIELD_VERIFIED,True
SYN-GT0043,SYN-P0043,78.35012845464078,17.45807177718705,residential,SIMULATED_NOT_FIELD_VERIFIED,True
SYN-GT0044,SYN-P0044,78.36232894317074,17.461609980362166,commercial,SIMULATED_NOT_FIELD_VERIFIED,True
SYN-GT0045,SYN-P0045,78.35100840661502,17.45746145598511,mixed_use,SIMULATED_NOT_FIELD_VERIFIED,True
SYN-GT0046,SYN-P0046,78.35094444461633,17.458059635971033,residential,SIMULATED_NOT_FIELD_VERIFIED,True
SYN-GT0047,SYN-P0047,78.35784244915352,17.450445516367775,commercial,SIMULATED_NOT_FIELD_VERIFIED,True
SYN-GT0048,SYN-P0048,78.3508489556226,17.45937942350414,mixed_use,SIMULATED_NOT_FIELD_VERIFIED,True
SYN-GT0049,SYN-P0049,78.35991535101884,17.450917669298512,residential,SIMULATED_NOT_FIELD_VERIFIED,True
SYN-GT0050,SYN-P0050,78.35535371705593,17.45175157971164,commercial,SIMULATED_NOT_FIELD_VERIFIED,True
SYN-GT0051,SYN-P0051,78.36290265843097,17.450277381843524,mixed_use,SIMULATED_NOT_FIELD_VERIFIED,True
SYN-GT0052,SYN-P0052,78.36109028309005,17.450192546010552,residential,SIMULATED_NOT_FIELD_VERIFIED,True
SYN-GT0053,SYN-P0053,78.35631623004427,17.45045709066174,commercial,SIMULATED_NOT_FIELD_VERIFIED,True
SYN-GT0054,SYN-P0054,78.3533011644565,17.458492562788066,mixed_use,SIMULATED_NOT_FIELD_VERIFIED,True
SYN-GT0055,SYN-P0055,78.35490391148284,17.46186572671002,residential,SIMULATED_NOT_FIELD_VERIFIED,True
SYN-GT0056,SYN-P0056,78.36193935849202,17.451699792338623,commercial,SIMULATED_NOT_FIELD_VERIFIED,True
SYN-GT0057,SYN-P0057,78.35366087586195,17.46145143958785,mixed_use,SIMULATED_NOT_FIELD_VERIFIED,True
SYN-GT0058,SYN-P0058,78.35618569610119,17.460476602248036,residential,SIMULATED_NOT_FIELD_VERIFIED,True
SYN-GT0059,SYN-P0059,78.36036143846908,17.45024125169637,commercial,SIMULATED_NOT_FIELD_VERIFIED,True
SYN-GT0060,SYN-P0060,78.35015372678916,17.45892783164459,mixed_use,SIMULATED_NOT_FIELD_VERIFIED,True
SYN-GT0061,SYN-P0061,78.35291246900738,17.461386322207915,residential,SIMULATED_NOT_FIELD_VERIFIED,True
SYN-GT0062,SYN-P0062,78.35110476681638,17.461749296714785,commercial,SIMULATED_NOT_FIELD_VERIFIED,True
SYN-GT0063,SYN-P0063,78.35819967459314,17.45255344765709,mixed_use,SIMULATED_NOT_FIELD_VERIFIED,True
SYN-GT0064,SYN-P0064,78.35460056977713,17.461356323202526,residential,SIMULATED_NOT_FIELD_VERIFIED,True
SYN-GT0065,SYN-P0065,78.35264319523861,17.4573364579581,commercial,SIMULATED_NOT_FIELD_VERIFIED,True
SYN-GT0066,SYN-P0066,78.35397775883797,17.459363160510417,mixed_use,SIMULATED_NOT_FIELD_VERIFIED,True
SYN-GT0067,SYN-P0067,78.35429083852841,17.461092120641283,residential,SIMULATED_NOT_FIELD_VERIFIED,True
SYN-GT0068,SYN-P0068,78.35492043555317,17.46111639971552,commercial,SIMULATED_NOT_FIELD_VERIFIED,True
SYN-GT0069,SYN-P0069,78.35631205268241,17.46112468954123,mixed_use,SIMULATED_NOT_FIELD_VERIFIED,True
SYN-GT0070,SYN-P0070,78.36348531053555,17.450517797229125,residential,SIMULATED_NOT_FIELD_VERIFIED,True
SYN-GT0071,SYN-P0071,78.3543744075011,17.461854118462313,commercial,SIMULATED_NOT_FIELD_VERIFIED,True
SYN-GT0072,SYN-P0072,78.35453204325646,17.46093824450931,mixed_use,SIMULATED_NOT_FIELD_VERIFIED,True
SYN-GT0073,SYN-P0073,78.36145421028264,17.451399352691965,residential,SIMULATED_NOT_FIELD_VERIFIED,True
SYN-GT0074,SYN-P0074,78.35592883612476,17.450350021560208,commercial,SIMULATED_NOT_FIELD_VERIFIED,True
SYN-GT0075,SYN-P0075,78.3583436317448,17.459346121303884,mixed_use,SIMULATED_NOT_FIELD_VERIFIED,True
SYN-GT0076,SYN-P0076,78.36063621188718,17.461321698769773,residential,SIMULATED_NOT_FIELD_VERIFIED,True
SYN-GT0077,SYN-P0077,78.35196674723042,17.459180936176057,commercial,SIMULATED_NOT_FIELD_VERIFIED,True
SYN-GT0078,SYN-P0078,78.3633733265668,17.454477414665963,mixed_use,SIMULATED_NOT_FIELD_VERIFIED,True
SYN-GT0079,SYN-P0079,78.35504048911736,17.459753901908773,residential,SIMULATED_NOT_FIELD_VERIFIED,True
SYN-GT0080,SYN-P0080,78.35347417337631,17.459525512871206,commercial,SIMULATED_NOT_FIELD_VERIFIED,True
SYN-GT0081,SYN-P0081,78.356273124362,17.452173261174618,mixed_use,SIMULATED_NOT_FIELD_VERIFIED,True
SYN-GT0082,SYN-P0082,78.35763784544234,17.450414230072738,residential,SIMULATED_NOT_FIELD_VERIFIED,True
SYN-GT0083,SYN-P0083,78.35731664249083,17.450290326641365,commercial,SIMULATED_NOT_FIELD_VERIFIED,True
SYN-GT0084,SYN-P0084,78.36026606302488,17.450452698753256,mixed_use,SIMULATED_NOT_FIELD_VERIFIED,True
SYN-GT0085,SYN-P0085,78.35162260015585,17.460027649214247,residential,SIMULATED_NOT_FIELD_VERIFIED,True
SYN-GT0086,SYN-P0086,78.35337421607302,17.457757263159202,commercial,SIMULATED_NOT_FIELD_VERIFIED,True
SYN-GT0087,SYN-P0087,78.35437884768469,17.458987816020528,mixed_use,SIMULATED_NOT_FIELD_VERIFIED,True
SYN-GT0088,SYN-P0088,78.35282799908587,17.458656882259547,residential,SIMULATED_NOT_FIELD_VERIFIED,True
SYN-GT0089,SYN-P0089,78.353095989154,17.45959833601401,commercial,SIMULATED_NOT_FIELD_VERIFIED,True
SYN-GT0090,SYN-P0090,78.35795573964333,17.4503151926454,mixed_use,SIMULATED_NOT_FIELD_VERIFIED,True
SYN-GT0091,SYN-P0091,78.35202790677673,17.457027663768816,residential,SIMULATED_NOT_FIELD_VERIFIED,True
SYN-GT0092,SYN-P0092,78.3523863552587,17.46039192172024,commercial,SIMULATED_NOT_FIELD_VERIFIED,True
SYN-GT0093,SYN-P0093,78.36112802212565,17.461403964669437,mixed_use,SIMULATED_NOT_FIELD_VERIFIED,True
SYN-GT0094,SYN-P0094,78.36334101552941,17.45621684431367,residential,SIMULATED_NOT_FIELD_VERIFIED,True
SYN-GT0095,SYN-P0095,78.3572715209107,17.450095591818638,commercial,SIMULATED_NOT_FIELD_VERIFIED,True
SYN-GT0096,SYN-P0096,78.3540630717343,17.45950068731629,mixed_use,SIMULATED_NOT_FIELD_VERIFIED,True
SYN-GT0097,SYN-P0097,78.36127326540654,17.451196251124216,residential,SIMULATED_NOT_FIELD_VERIFIED,True
SYN-GT0098,SYN-P0098,78.36097077480379,17.450869332999417,commercial,SIMULATED_NOT_FIELD_VERIFIED,True
SYN-GT0099,SYN-P0099,78.3521980962546,17.459381627741607,mixed_use,SIMULATED_NOT_FIELD_VERIFIED,True
SYN-GT0100,SYN-P0100,78.35018852510544,17.460132651841793,residential,SIMULATED_NOT_FIELD_VERIFIED,True
SYN-GT0101,SYN-P0101,78.36207134664025,17.455766844982968,commercial,SIMULATED_NOT_FIELD_VERIFIED,True
SYN-GT0102,SYN-P0102,78.3623386718753,17.45808651437001,mixed_use,SIMULATED_NOT_FIELD_VERIFIED,True
SYN-GT0103,SYN-P0103,78.35490907731759,17.45971748794857,residential,SIMULATED_NOT_FIELD_VERIFIED,True
SYN-GT0104,SYN-P0104,78.35069542472536,17.46157254712655,commercial,SIMULATED_NOT_FIELD_VERIFIED,True
SYN-GT0105,SYN-P0105,78.3518167096248,17.45897117742506,mixed_use,SIMULATED_NOT_FIELD_VERIFIED,True
SYN-GT0106,SYN-P0106,78.3531380023964,17.459017752371714,residential,SIMULATED_NOT_FIELD_VERIFIED,True
SYN-GT0107,SYN-P0107,78.3532856256056,17.46008963392153,commercial,SIMULATED_NOT_FIELD_VERIFIED,True
SYN-GT0108,SYN-P0108,78.35394804432728,17.459046380303096,mixed_use,SIMULATED_NOT_FIELD_VERIFIED,True
SYN-GT0109,SYN-P0109,78.35586758483386,17.461894530859745,residential,SIMULATED_NOT_FIELD_VERIFIED,True
SYN-GT0110,SYN-P0110,78.3580192351678,17.450448496185928,commercial,SIMULATED_NOT_FIELD_VERIFIED,True
SYN-GT0111,SYN-P0111,78.35152728894859,17.459802644563773,mixed_use,SIMULATED_NOT_FIELD_VERIFIED,True
SYN-GT0112,SYN-P0112,78.35515891988153,17.46184169607153,residential,SIMULATED_NOT_FIELD_VERIFIED,True
SYN-GT0113,SYN-P0113,78.3603362438118,17.459020838209476,commercial,SIMULATED_NOT_FIELD_VERIFIED,True
SYN-GT0114,SYN-P0114,78.35154780912471,17.45762195810719,mixed_use,SIMULATED_NOT_FIELD_VERIFIED,True
SYN-GT0115,SYN-P0115,78.35368599557967,17.459291024066488,residential,SIMULATED_NOT_FIELD_VERIFIED,True
SYN-GT0116,SYN-P0116,78.36054983832351,17.452428633170317,commercial,SIMULATED_NOT_FIELD_VERIFIED,True
SYN-GT0117,SYN-P0117,78.36147358067393,17.450624963376384,mixed_use,SIMULATED_NOT_FIELD_VERIFIED,True
SYN-GT0118,SYN-P0118,78.36339294721753,17.459228681916347,residential,SIMULATED_NOT_FIELD_VERIFIED,True
SYN-GT0119,SYN-P0119,78.35466849142814,17.45682588950077,commercial,SIMULATED_NOT_FIELD_VERIFIED,True
SYN-GT0120,SYN-P0120,78.36085659010105,17.45099503849029,mixed_use,SIMULATED_NOT_FIELD_VERIFIED,True
SYN-GT0121,SYN-P0121,78.36095309529732,17.451270312464022,residential,SIMULATED_NOT_FIELD_VERIFIED,True
SYN-GT0122,SYN-P0122,78.35470748721204,17.459631319059216,commercial,SIMULATED_NOT_FIELD_VERIFIED,True
SYN-GT0123,SYN-P0123,78.35499695218247,17.460257942682613,mixed_use,SIMULATED_NOT_FIELD_VERIFIED,True
SYN-GT0124,SYN-P0124,78.3557640194527,17.45864833393074,residential,SIMULATED_NOT_FIELD_VERIFIED,True
SYN-GT0125,SYN-P0125,78.3602568243824,17.460223880953112,commercial,SIMULATED_NOT_FIELD_VERIFIED,True
SYN-GT0126,SYN-P0126,78.35540675516854,17.450389484057755,mixed_use,SIMULATED_NOT_FIELD_VERIFIED,True
SYN-GT0127,SYN-P0127,78.35042003947841,17.459412276657016,residential,SIMULATED_NOT_FIELD_VERIFIED,True
SYN-GT0128,SYN-P0128,78.35029649510739,17.457254461842602,commercial,SIMULATED_NOT_FIELD_VERIFIED,True
SYN-GT0129,SYN-P0129,78.35115821039005,17.458381484853938,mixed_use,SIMULATED_NOT_FIELD_VERIFIED,True
SYN-GT0130,SYN-P0130,78.35199668546747,17.4590071166492,residential,SIMULATED_NOT_FIELD_VERIFIED,True
SYN-GT0131,SYN-P0131,78.35604428838397,17.461402090828393,commercial,SIMULATED_NOT_FIELD_VERIFIED,True
SYN-GT0132,SYN-P0132,78.35215913683093,17.460921783656975,mixed_use,SIMULATED_NOT_FIELD_VERIFIED,True
SYN-GT0133,SYN-P0133,78.36252989772214,17.451342050315482,residential,SIMULATED_NOT_FIELD_VERIFIED,True
SYN-GT0134,SYN-P0134,78.36258677843426,17.454375003677676,commercial,SIMULATED_NOT_FIELD_VERIFIED,True
SYN-GT0135,SYN-P0135,78.35709752098484,17.450805371806222,mixed_use,SIMULATED_NOT_FIELD_VERIFIED,True
SYN-GT0136,SYN-P0136,78.36036996769062,17.450750568261014,residential,SIMULATED_NOT_FIELD_VERIFIED,True
SYN-GT0137,SYN-P0137,78.3596980042676,17.45216779593276,commercial,SIMULATED_NOT_FIELD_VERIFIED,True
SYN-GT0138,SYN-P0138,78.35096879842617,17.461435081026234,mixed_use,SIMULATED_NOT_FIELD_VERIFIED,True
SYN-GT0139,SYN-P0139,78.36014151340223,17.45066266719673,residential,SIMULATED_NOT_FIELD_VERIFIED,True
SYN-GT0140,SYN-P0140,78.35360358844987,17.459881771730753,commercial,SIMULATED_NOT_FIELD_VERIFIED,True
SYN-GT0141,SYN-P0141,78.36013369088431,17.453860371226714,mixed_use,SIMULATED_NOT_FIELD_VERIFIED,True
SYN-GT0142,SYN-P0142,78.35150097826849,17.45823620453869,residential,SIMULATED_NOT_FIELD_VERIFIED,True
SYN-GT0143,SYN-P0143,78.35657758581596,17.450501132264986,commercial,SIMULATED_NOT_FIELD_VERIFIED,True
SYN-GT0144,SYN-P0144,78.36182336794006,17.461224939369426,mixed_use,SIMULATED_NOT_FIELD_VERIFIED,True
SYN-GT0145,SYN-P0145,78.3543018631504,17.459405712601544,residential,SIMULATED_NOT_FIELD_VERIFIED,True
SYN-GT0146,SYN-P0146,78.36307924728294,17.460955502092194,commercial,SIMULATED_NOT_FIELD_VERIFIED,True
SYN-GT0147,SYN-P0147,78.36345860607645,17.45788304094536,mixed_use,SIMULATED_NOT_FIELD_VERIFIED,True
SYN-GT0148,SYN-P0148,78.36208754319526,17.450528710140855,residential,SIMULATED_NOT_FIELD_VERIFIED,True
SYN-GT0149,SYN-P0149,78.36332186539465,17.45151803509037,commercial,SIMULATED_NOT_FIELD_VERIFIED,True
SYN-GT0150,SYN-P0150,78.3629885756387,17.45065281707689,mixed_use,SIMULATED_NOT_FIELD_VERIFIED,True
SYN-GT0151,SYN-P0151,78.35080871957116,17.459792100820838,residential,SIMULATED_NOT_FIELD_VERIFIED,True
SYN-GT0152,SYN-P0152,78.3599076647944,17.45225214374711,commercial,SIMULATED_NOT_FIELD_VERIFIED,True
SYN-GT0153,SYN-P0153,78.35119035126519,17.460030490092198,mixed_use,SIMULATED_NOT_FIELD_VERIFIED,True
SYN-GT0154,SYN-P0154,78.35333557401893,17.455196666889105,residential,SIMULATED_NOT_FIELD_VERIFIED,True
SYN-GT0155,SYN-P0155,78.35458820885881,17.461767151190404,commercial,SIMULATED_NOT_FIELD_VERIFIED,True
SYN-GT0156,SYN-P0156,78.36205876527801,17.452949349140095,mixed_use,SIMULATED_NOT_FIELD_VERIFIED,True
SYN-GT0157,SYN-P0157,78.35235776313742,17.45810120733119,residential,SIMULATED_NOT_FIELD_VERIFIED,True
SYN-GT0158,SYN-P0158,78.35439952732972,17.452545895561705,commercial,SIMULATED_NOT_FIELD_VERIFIED,True
SYN-GT0159,SYN-P0159,78.3519176278376,17.46061385356844,mixed_use,SIMULATED_NOT_FIELD_VERIFIED,True
SYN-GT0160,SYN-P0160,78.3517443675247,17.46026173741708,residential,SIMULATED_NOT_FIELD_VERIFIED,True
SYN-GT0161,SYN-P0161,78.35241418588238,17.460651535743775,commercial,SIMULATED_NOT_FIELD_VERIFIED,True
SYN-GT0162,SYN-P0162,78.3527740003475,17.461876368435526,mixed_use,SIMULATED_NOT_FIELD_VERIFIED,True
SYN-GT0163,SYN-P0163,78.35301495896002,17.461171868826966,residential,SIMULATED_NOT_FIELD_VERIFIED,True
SYN-GT0164,SYN-P0164,78.35408126444318,17.461640476775983,commercial,SIMULATED_NOT_FIELD_VERIFIED,True
SYN-GT0165,SYN-P0165,78.35964031681405,17.450755604787243,mixed_use,SIMULATED_NOT_FIELD_VERIFIED,True
SYN-GT0166,SYN-P0166,78.36120585481216,17.457124216014748,residential,SIMULATED_NOT_FIELD_VERIFIED,True
SYN-GT0167,SYN-P0167,78.36183037119271,17.45188992733853,commercial,SIMULATED_NOT_FIELD_VERIFIED,True
SYN-GT0168,SYN-P0168,78.35135348695975,17.4587005178107,mixed_use,SIMULATED_NOT_FIELD_VERIFIED,True
SYN-GT0169,SYN-P0169,78.35508710584458,17.46158990919134,residential,SIMULATED_NOT_FIELD_VERIFIED,True
SYN-GT0170,SYN-P0170,78.35135318756049,17.456284623147447,commercial,SIMULATED_NOT_FIELD_VERIFIED,True
SYN-GT0171,SYN-P0171,78.35513786858806,17.46140949570766,mixed_use,SIMULATED_NOT_FIELD_VERIFIED,True
SYN-GT0172,SYN-P0172,78.35824161547734,17.450059935290234,residential,SIMULATED_NOT_FIELD_VERIFIED,True
SYN-GT0173,SYN-P0173,78.35204322762364,17.45942563982339,commercial,SIMULATED_NOT_FIELD_VERIFIED,True
SYN-GT0174,SYN-P0174,78.35111935293867,17.460723530995317,mixed_use,SIMULATED_NOT_FIELD_VERIFIED,True
SYN-GT0175,SYN-P0175,78.35232946719282,17.459767059671062,residential,SIMULATED_NOT_FIELD_VERIFIED,True
SYN-GT0176,SYN-P0176,78.35531792444203,17.461790552982634,commercial,SIMULATED_NOT_FIELD_VERIFIED,True
SYN-GT0177,SYN-P0177,78.35769667489411,17.45075382052859,mixed_use,SIMULATED_NOT_FIELD_VERIFIED,True
SYN-GT0178,SYN-P0178,78.35148471887763,17.455494732439867,residential,SIMULATED_NOT_FIELD_VERIFIED,True
SYN-GT0179,SYN-P0179,78.35540242715706,17.4617192469078,commercial,SIMULATED_NOT_FIELD_VERIFIED,True
SYN-GT0180,SYN-P0180,78.35058468286057,17.455999116634214,mixed_use,SIMULATED_NOT_FIELD_VERIFIED,True
SYN-GT0181,SYN-P0181,78.35550232474847,17.46037102897335,residential,SIMULATED_NOT_FIELD_VERIFIED,True
SYN-GT0182,SYN-P0182,78.35863204723441,17.450283660452232,commercial,SIMULATED_NOT_FIELD_VERIFIED,True
SYN-GT0183,SYN-P0183,78.36275706331888,17.45115304166076,mixed_use,SIMULATED_NOT_FIELD_VERIFIED,True
SYN-GT0184,SYN-P0184,78.35065603518788,17.460032337081525,residential,SIMULATED_NOT_FIELD_VERIFIED,True
SYN-GT0185,SYN-P0185,78.35689414530667,17.450742516056074,commercial,SIMULATED_NOT_FIELD_VERIFIED,True
SYN-GT0186,SYN-P0186,78.35965039452661,17.450326320323942,mixed_use,SIMULATED_NOT_FIELD_VERIFIED,True
SYN-GT0187,SYN-P0187,78.35476054711022,17.460827617992692,residential,SIMULATED_NOT_FIELD_VERIFIED,True
SYN-GT0188,SYN-P0188,78.35445625004634,17.458324756670166,commercial,SIMULATED_NOT_FIELD_VERIFIED,True
SYN-GT0189,SYN-P0189,78.35216325235737,17.45801287912104,mixed_use,SIMULATED_NOT_FIELD_VERIFIED,True
SYN-GT0190,SYN-P0190,78.35273892768039,17.45966162144115,residential,SIMULATED_NOT_FIELD_VERIFIED,True
SYN-GT0191,SYN-P0191,78.35579908721792,17.46111448548648,commercial,SIMULATED_NOT_FIELD_VERIFIED,True
SYN-GT0192,SYN-P0192,78.36362609036104,17.457172208585405,mixed_use,SIMULATED_NOT_FIELD_VERIFIED,True
SYN-GT0193,SYN-P0193,78.35562721221793,17.46078663896944,residential,SIMULATED_NOT_FIELD_VERIFIED,True
SYN-GT0194,SYN-P0194,78.35916594772922,17.45039568202612,commercial,SIMULATED_NOT_FIELD_VERIFIED,True
SYN-GT0195,SYN-P0195,78.35034469179527,17.46083422068963,mixed_use,SIMULATED_NOT_FIELD_VERIFIED,True
SYN-GT0196,SYN-P0196,78.35503107607369,17.459317049914986,residential,SIMULATED_NOT_FIELD_VERIFIED,True
SYN-GT0197,SYN-P0197,78.35745643841948,17.455853450913576,commercial,SIMULATED_NOT_FIELD_VERIFIED,True
SYN-GT0198,SYN-P0198,78.35934917485146,17.450107549361263,mixed_use,SIMULATED_NOT_FIELD_VERIFIED,True
SYN-GT0199,SYN-P0199,78.35895069924341,17.45509577471264,residential,SIMULATED_NOT_FIELD_VERIFIED,True
SYN-GT0200,SYN-P0200,78.35031423435856,17.46143773561235,commercial,SIMULATED_NOT_FIELD_VERIFIED,True
SYN-GT0201,SYN-P0201,78.36243594438872,17.450457383158962,mixed_use,SIMULATED_NOT_FIELD_VERIFIED,True
SYN-GT0202,SYN-P0202,78.3516086182224,17.461933815693964,residential,SIMULATED_NOT_FIELD_VERIFIED,True
SYN-GT0203,SYN-P0203,78.35686297094313,17.460917739913448,commercial,SIMULATED_NOT_FIELD_VERIFIED,True
SYN-GT0204,SYN-P0204,78.35059279152873,17.458360490292037,mixed_use,SIMULATED_NOT_FIELD_VERIFIED,True
SYN-GT0205,SYN-P0205,78.3518545841439,17.461237615066118,residential,SIMULATED_NOT_FIELD_VERIFIED,True
SYN-GT0206,SYN-P0206,78.35074101859325,17.460768054259557,commercial,SIMULATED_NOT_FIELD_VERIFIED,True
SYN-GT0207,SYN-P0207,78.36152369542592,17.45119614838126,mixed_use,SIMULATED_NOT_FIELD_VERIFIED,True
SYN-GT0208,SYN-P0208,78.35247926224463,17.46163233124946,residential,SIMULATED_NOT_FIELD_VERIFIED,True
SYN-GT0209,SYN-P0209,78.35276380421271,17.46048159938081,commercial,SIMULATED_NOT_FIELD_VERIFIED,True
SYN-GT0210,SYN-P0210,78.35279506404682,17.460624219422744,mixed_use,SIMULATED_NOT_FIELD_VERIFIED,True
SYN-GT0211,SYN-P0211,78.35389014207203,17.46027472200385,residential,SIMULATED_NOT_FIELD_VERIFIED,True
SYN-GT0212,SYN-P0212,78.35607742896792,17.460255549536747,commercial,SIMULATED_NOT_FIELD_VERIFIED,True
SYN-GT0213,SYN-P0213,78.35997493865435,17.45030632074098,mixed_use,SIMULATED_NOT_FIELD_VERIFIED,True
SYN-GT0214,SYN-P0214,78.36211178438381,17.4513507236956,residential,SIMULATED_NOT_FIELD_VERIFIED,True
SYN-GT0215,SYN-P0215,78.3630748972177,17.45187953649884,commercial,SIMULATED_NOT_FIELD_VERIFIED,True
SYN-GT0216,SYN-P0216,78.35064887895057,17.459032521454212,mixed_use,SIMULATED_NOT_FIELD_VERIFIED,True
SYN-GT0217,SYN-P0217,78.35253354643953,17.46022550883146,residential,SIMULATED_NOT_FIELD_VERIFIED,True
SYN-GT0218,SYN-P0218,78.36070936526126,17.450094000621498,commercial,SIMULATED_NOT_FIELD_VERIFIED,True
SYN-GT0219,SYN-P0219,78.3546212620289,17.459989612738962,mixed_use,SIMULATED_NOT_FIELD_VERIFIED,True
SYN-GT0220,SYN-P0220,78.35651167093876,17.46156189982066,residential,SIMULATED_NOT_FIELD_VERIFIED,True
SYN-GT0221,SYN-P0221,78.35543615604456,17.459588914646655,commercial,SIMULATED_NOT_FIELD_VERIFIED,True
SYN-GT0222,SYN-P0222,78.35294358425726,17.46088459216422,mixed_use,SIMULATED_NOT_FIELD_VERIFIED,True
SYN-GT0223,SYN-P0223,78.35362799916771,17.458895064958707,residential,SIMULATED_NOT_FIELD_VERIFIED,True
SYN-GT0224,SYN-P0224,78.35417758577603,17.459899428215262,commercial,SIMULATED_NOT_FIELD_VERIFIED,True
SYN-GT0225,SYN-P0225,78.35392365888941,17.45880923423701,mixed_use,SIMULATED_NOT_FIELD_VERIFIED,True
SYN-GT0226,SYN-P0226,78.35129524152488,17.46100608004939,residential,SIMULATED_NOT_FIELD_VERIFIED,True
SYN-GT0227,SYN-P0227,78.35905396855598,17.450564117710613,commercial,SIMULATED_NOT_FIELD_VERIFIED,True
SYN-GT0228,SYN-P0228,78.3514443944356,17.461430548681914,mixed_use,SIMULATED_NOT_FIELD_VERIFIED,True
SYN-GT0229,SYN-P0229,78.35198003844762,17.458390467859846,residential,SIMULATED_NOT_FIELD_VERIFIED,True
SYN-GT0230,SYN-P0230,78.35095557208078,17.458878663050978,commercial,SIMULATED_NOT_FIELD_VERIFIED,True
SYN-GT0231,SYN-P0231,78.35173233375883,17.457927428646794,mixed_use,SIMULATED_NOT_FIELD_VERIFIED,True
SYN-GT0232,SYN-P0232,78.35181406972183,17.459597647714496,residential,SIMULATED_NOT_FIELD_VERIFIED,True
SYN-GT0233,SYN-P0233,78.35375684440199,17.460912656386927,commercial,SIMULATED_NOT_FIELD_VERIFIED,True
SYN-GT0234,SYN-P0234,78.35078624172142,17.458370073267925,mixed_use,SIMULATED_NOT_FIELD_VERIFIED,True
SYN-GT0235,SYN-P0235,78.35163820788188,17.460858047316822,residential,SIMULATED_NOT_FIELD_VERIFIED,True
SYN-GT0236,SYN-P0236,78.3545226096608,17.46051023289896,commercial,SIMULATED_NOT_FIELD_VERIFIED,True
SYN-GT0237,SYN-P0237,78.3634462455062,17.46105706952442,mixed_use,SIMULATED_NOT_FIELD_VERIFIED,True
SYN-GT0238,SYN-P0238,78.35247155105058,17.45844727511805,residential,SIMULATED_NOT_FIELD_VERIFIED,True
SYN-GT0239,SYN-P0239,78.35090009480928,17.46100659673218,commercial,SIMULATED_NOT_FIELD_VERIFIED,True
SYN-GT0240,SYN-P0240,78.35273599913805,17.459231456525607,mixed_use,SIMULATED_NOT_FIELD_VERIFIED,True
SYN-GT0241,SYN-P0241,78.3548931350149,17.46151406120216,residential,SIMULATED_NOT_FIELD_VERIFIED,True
SYN-GT0242,SYN-P0242,78.35344708770836,17.46106561194339,commercial,SIMULATED_NOT_FIELD_VERIFIED,True
SYN-GT0243,SYN-P0243,78.35852968452564,17.450715016297014,mixed_use,SIMULATED_NOT_FIELD_VERIFIED,True
SYN-GT0244,SYN-P0244,78.35123220336192,17.457891481886698,residential,SIMULATED_NOT_FIELD_VERIFIED,True
SYN-GT0245,SYN-P0245,78.35295537438749,17.460154068258564,commercial,SIMULATED_NOT_FIELD_VERIFIED,True
SYN-GT0246,SYN-P0246,78.36359024592055,17.461821532498405,mixed_use,SIMULATED_NOT_FIELD_VERIFIED,True
SYN-GT0247,SYN-P0247,78.35742805995942,17.450708217942836,residential,SIMULATED_NOT_FIELD_VERIFIED,True
SYN-GT0248,SYN-P0248,78.36173874725496,17.461820263198142,commercial,SIMULATED_NOT_FIELD_VERIFIED,True
SYN-GT0249,SYN-P0249,78.35252984195151,17.457889422432707,mixed_use,SIMULATED_NOT_FIELD_VERIFIED,True
SYN-GT0250,SYN-P0250,78.35229120179359,17.45831095623074,residential,SIMULATED_NOT_FIELD_VERIFIED,True
SYN-GT0251,SYN-P0251,78.35672104345169,17.450156585010042,commercial,SIMULATED_NOT_FIELD_VERIFIED,True
SYN-GT0252,SYN-P0252,78.35016650511922,17.458583573583116,mixed_use,SIMULATED_NOT_FIELD_VERIFIED,True
SYN-GT0253,SYN-P0253,78.35018173045867,17.460560903360264,residential,SIMULATED_NOT_FIELD_VERIFIED,True
SYN-GT0254,SYN-P0254,78.35381199624712,17.453881770677544,commercial,SIMULATED_NOT_FIELD_VERIFIED,True
SYN-GT0255,SYN-P0255,78.35524329721747,17.46142246602642,mixed_use,SIMULATED_NOT_FIELD_VERIFIED,True
SYN-GT0256,SYN-P0256,78.35012082083811,17.461083784354027,residential,SIMULATED_NOT_FIELD_VERIFIED,True
SYN-GT0257,SYN-P0257,78.35273721950234,17.45373917354488,commercial,SIMULATED_NOT_FIELD_VERIFIED,True
SYN-GT0258,SYN-P0258,78.35050716717615,17.46039183200063,mixed_use,SIMULATED_NOT_FIELD_VERIFIED,True
SYN-GT0259,SYN-P0259,78.3616674283726,17.45858856182746,residential,SIMULATED_NOT_FIELD_VERIFIED,True
SYN-GT0260,SYN-P0260,78.35372433324602,17.461239850861467,commercial,SIMULATED_NOT_FIELD_VERIFIED,True
SYN-GT0261,SYN-P0261,78.35624235062966,17.45080298043065,mixed_use,SIMULATED_NOT_FIELD_VERIFIED,True
SYN-GT0262,SYN-P0262,78.35942402441705,17.45064449806875,residential,SIMULATED_NOT_FIELD_VERIFIED,True
SYN-GT0263,SYN-P0263,78.3514524242634,17.45123901902741,commercial,SIMULATED_NOT_FIELD_VERIFIED,True
SYN-GT0264,SYN-P0264,78.35211938629082,17.46178594256275,mixed_use,SIMULATED_NOT_FIELD_VERIFIED,True
SYN-GT0265,SYN-P0265,78.35967182527243,17.451768226678126,residential,SIMULATED_NOT_FIELD_VERIFIED,True
SYN-GT0266,SYN-P0266,78.35685933018759,17.450577511730902,commercial,SIMULATED_NOT_FIELD_VERIFIED,True
SYN-GT0267,SYN-P0267,78.35777436155628,17.450276442940673,mixed_use,SIMULATED_NOT_FIELD_VERIFIED,True
SYN-GT0268,SYN-P0268,78.3601755360278,17.45232640524779,residential,SIMULATED_NOT_FIELD_VERIFIED,True
SYN-GT0269,SYN-P0269,78.36105859264565,17.456028247880297,commercial,SIMULATED_NOT_FIELD_VERIFIED,True
SYN-GT0270,SYN-P0270,78.36138941888557,17.46175777496886,mixed_use,SIMULATED_NOT_FIELD_VERIFIED,True
SYN-GT0271,SYN-P0271,78.35557416202506,17.461465985301473,residential,SIMULATED_NOT_FIELD_VERIFIED,True
SYN-GT0272,SYN-P0272,78.36136006033709,17.45038490090213,commercial,SIMULATED_NOT_FIELD_VERIFIED,True
SYN-GT0273,SYN-P0273,78.3514865161548,17.46056954837334,mixed_use,SIMULATED_NOT_FIELD_VERIFIED,True
SYN-GT0274,SYN-P0274,78.35219152459644,17.458688221072713,residential,SIMULATED_NOT_FIELD_VERIFIED,True
SYN-GT0275,SYN-P0275,78.35498273762275,17.461268161802614,commercial,SIMULATED_NOT_FIELD_VERIFIED,True
SYN-GT0276,SYN-P0276,78.36184835760466,17.451384123762924,mixed_use,SIMULATED_NOT_FIELD_VERIFIED,True
SYN-GT0277,SYN-P0277,78.35212256079959,17.45037141702464,residential,SIMULATED_NOT_FIELD_VERIFIED,True
SYN-GT0278,SYN-P0278,78.35353613647332,17.4618361101179,commercial,SIMULATED_NOT_FIELD_VERIFIED,True
SYN-GT0279,SYN-P0279,78.35980995327743,17.450143762221007,mixed_use,SIMULATED_NOT_FIELD_VERIFIED,True
SYN-GT0280,SYN-P0280,78.3627999119731,17.450668482226142,residential,SIMULATED_NOT_FIELD_VERIFIED,True
SYN-GT0281,SYN-P0281,78.35596987262356,17.45018611008564,commercial,SIMULATED_NOT_FIELD_VERIFIED,True
SYN-GT0282,SYN-P0282,78.35762946888902,17.46151813817572,mixed_use,SIMULATED_NOT_FIELD_VERIFIED,True
SYN-GT0283,SYN-P0283,78.35626876234146,17.46077018563674,residential,SIMULATED_NOT_FIELD_VERIFIED,True
SYN-GT0284,SYN-P0284,78.35926838460854,17.45682500220063,commercial,SIMULATED_NOT_FIELD_VERIFIED,True
SYN-GT0285,SYN-P0285,78.35897406527923,17.45016153664006,mixed_use,SIMULATED_NOT_FIELD_VERIFIED,True
SYN-GT0286,SYN-P0286,78.35743296219525,17.45257677497344,residential,SIMULATED_NOT_FIELD_VERIFIED,True
SYN-GT0287,SYN-P0287,78.35719160850506,17.450615148317073,commercial,SIMULATED_NOT_FIELD_VERIFIED,True
SYN-GT0288,SYN-P0288,78.3540888505754,17.46116580708976,mixed_use,SIMULATED_NOT_FIELD_VERIFIED,True
SYN-GT0289,SYN-P0289,78.35387133154997,17.459609972103006,residential,SIMULATED_NOT_FIELD_VERIFIED,True
SYN-GT0290,SYN-P0290,78.35184395643613,17.458722598726503,commercial,SIMULATED_NOT_FIELD_VERIFIED,True
SYN-GT0291,SYN-P0291,78.3530976451501,17.461683883696427,mixed_use,SIMULATED_NOT_FIELD_VERIFIED,True
SYN-GT0292,SYN-P0292,78.36175866192518,17.460276027451325,residential,SIMULATED_NOT_FIELD_VERIFIED,True
SYN-GT0293,SYN-P0293,78.3588020817688,17.450616558130147,commercial,SIMULATED_NOT_FIELD_VERIFIED,True
SYN-GT0294,SYN-P0294,78.35670542268385,17.450613937138733,mixed_use,SIMULATED_NOT_FIELD_VERIFIED,True
SYN-GT0295,SYN-P0295,78.35148271785195,17.45909471850147,residential,SIMULATED_NOT_FIELD_VERIFIED,True
SYN-GT0296,SYN-P0296,78.36063315217122,17.455796663526197,commercial,SIMULATED_NOT_FIELD_VERIFIED,True
SYN-GT0297,SYN-P0297,78.36170318897926,17.450732079307794,mixed_use,SIMULATED_NOT_FIELD_VERIFIED,True
SYN-GT0298,SYN-P0298,78.35259905956869,17.461070703128154,residential,SIMULATED_NOT_FIELD_VERIFIED,True
SYN-GT0299,SYN-P0299,78.35595107581703,17.459918876767432,commercial,SIMULATED_NOT_FIELD_VERIFIED,True
SYN-GT0300,SYN-P0300,78.36231518570644,17.45200420429541,mixed_use,SIMULATED_NOT_FIELD_VERIFIED,True
